INSERT INTO raza (id, nombre) VALUES (1,'San Bernardo');
INSERT INTO raza (id, nombre) VALUES (2,'Beagle');
INSERT INTO raza (id, nombre) VALUES (3,'Pastor Alemán');
INSERT INTO raza (id, nombre) VALUES (4,'Rottweiler');
INSERT INTO raza (id, nombre) VALUES (5,'Chihuahua');
INSERT INTO raza (id, nombre) VALUES (6,'Husky');
INSERT INTO raza (id, nombre) VALUES (7,'Dachshund');
INSERT INTO raza (id, nombre) VALUES (8,'Fox Terrier');
INSERT INTO raza (id, nombre) VALUES (9,'Bulldog');
INSERT INTO raza (id, nombre) VALUES (10,'Galgo');
INSERT INTO raza (id, nombre) VALUES (11,'Poodle');
INSERT INTO raza (id, nombre) VALUES (12,'Golden Retriever');
INSERT INTO raza (id, nombre) VALUES (13,'Cocker inglés');
INSERT INTO raza (id, nombre) VALUES (14,'Corgi');
INSERT INTO raza (id, nombre) VALUES (15,'Border Collie');
INSERT INTO raza (id, nombre) VALUES (16,'Chow Chow');
INSERT INTO raza (id, nombre) VALUES (17,'Dálmata');
INSERT INTO raza (id, nombre) VALUES (18,'Shiba Inu');
INSERT INTO raza (id, nombre) VALUES (19,'Mestizo');
INSERT INTO raza (id, nombre) VALUES (20,'Labrador');
INSERT INTO raza (id, nombre) VALUES (21,'Schnauzer');
INSERT INTO raza (id, nombre) VALUES (22,'Doberman');

INSERT INTO caracteristica (id, nombre) VALUES (1,'Asustadizo');
INSERT INTO caracteristica (id, nombre) VALUES (2,'Sociable');
INSERT INTO caracteristica (id, nombre) VALUES (3,'Activo');
INSERT INTO caracteristica (id, nombre) VALUES (4,'Irritable');
INSERT INTO caracteristica (id, nombre) VALUES (5,'Tierno');
INSERT INTO caracteristica (id, nombre) VALUES (6,'Dormilón');
INSERT INTO caracteristica (id, nombre) VALUES (7,'Tranquilo');
INSERT INTO caracteristica (id, nombre) VALUES (8,'Impaciente');
INSERT INTO caracteristica (id, nombre) VALUES (9,'Optimista');
INSERT INTO caracteristica (id, nombre) VALUES (10,'Pensativo');
INSERT INTO caracteristica (id, nombre) VALUES (11,'Apasionado');
INSERT INTO caracteristica (id, nombre) VALUES (12,'Justiciero');
INSERT INTO caracteristica (id, nombre) VALUES (13,'Enigmático');
INSERT INTO caracteristica (id, nombre) VALUES (14,'Anticuado');
INSERT INTO caracteristica (id, nombre) VALUES (15,'Alborotado');
INSERT INTO caracteristica (id, nombre) VALUES (16,'Casero');
INSERT INTO caracteristica (id, nombre) VALUES (17,'Juguetón');
INSERT INTO caracteristica (id, nombre) VALUES (18,'Amante del agua');
INSERT INTO caracteristica (id, nombre) VALUES (19,'Detallista');
INSERT INTO caracteristica (id, nombre) VALUES (20,'Desordenado');
INSERT INTO caracteristica (id, nombre) VALUES (21,'Familiar');
INSERT INTO caracteristica (id, nombre) VALUES (22,'Impulsivo');
INSERT INTO caracteristica (id, nombre) VALUES (23,'Coqueto');
INSERT INTO caracteristica (id, nombre) VALUES (24,'Melancólico');
INSERT INTO caracteristica (id, nombre) VALUES (25,'Posesivo');
INSERT INTO caracteristica (id, nombre) VALUES (26,'Traicionero');
INSERT INTO caracteristica (id, nombre) VALUES (27,'Vanidoso');
INSERT INTO caracteristica (id, nombre) VALUES (28,'Inocente');
INSERT INTO caracteristica (id, nombre) VALUES (29,'Caótico');
INSERT INTO caracteristica (id, nombre) VALUES (30,'Cariñoso');
INSERT INTO caracteristica (id, nombre) VALUES (31,'Guardián');
INSERT INTO caracteristica (id, nombre) VALUES (32,'Escandaloso');
INSERT INTO caracteristica (id, nombre) VALUES (33,'Malvado');
INSERT INTO caracteristica (id, nombre) VALUES (34,'Travieso');
INSERT INTO caracteristica (id, nombre) VALUES (35,'Astuto');
INSERT INTO caracteristica (id, nombre) VALUES (36,'Entrenado');
INSERT INTO caracteristica (id, nombre) VALUES (37,'Disciplinado');
INSERT INTO caracteristica (id, nombre) VALUES (38,'Borracho');
INSERT INTO caracteristica (id, nombre) VALUES (39,'Soñador');
INSERT INTO caracteristica (id, nombre) VALUES (40,'Genio');
INSERT INTO caracteristica (id, nombre) VALUES (41,'Atlético');
INSERT INTO caracteristica (id, nombre) VALUES (42,'Fashion');
INSERT INTO caracteristica (id, nombre) VALUES (43,'Comilón');
INSERT INTO caracteristica (id, nombre) VALUES (44,'Galán');
INSERT INTO caracteristica (id, nombre) VALUES (45,'Pedigree');
INSERT INTO caracteristica (id, nombre) VALUES (46,'Callejero');
INSERT INTO caracteristica (id, nombre) VALUES (47,'Rompecorazones');
INSERT INTO caracteristica (id, nombre) VALUES (48,'Actor');
INSERT INTO caracteristica (id, nombre) VALUES (49,'Amistoso');
INSERT INTO caracteristica (id, nombre) VALUES (50,'Amante del aire libre');
INSERT INTO caracteristica (id, nombre) VALUES (51,'Gruñón');
INSERT INTO caracteristica (id, nombre) VALUES (52,'Destructor');

INSERT INTO perfil (id, nombre, genero, edad, frase, url_imagen, raza_id)
  VALUES (1,'Diana','Hembra',4,'¿Quieres ir a pasear al parque? Ya somos dos','https://p0.pxfuel.com/preview/344/599/609/pet-dog-animals-cute.jpg',2);
INSERT INTO perfil (id, nombre, genero, edad, frase, url_imagen, raza_id)
  VALUES (2,'Zacarías','Macho',5,'¿Qué sabes sobre la vida? ¿Te gustaría hablar un poco más conmigo?','https://upload.wikimedia.org/wikipedia/commons/b/bd/Dog-1373127384GhB.jpg',4);
INSERT INTO perfil (id, nombre, genero, edad, frase, url_imagen, raza_id)
  VALUES (3,'Kiara','Hembra',3,'¡Qué bonito está el día! Hay que aprovecharlo y salir a pasear','https://p0.pikrepo.com/preview/254/822/white-short-coated-dog-on-green-grass-field-during-daytime.jpg',19);
INSERT INTO perfil (id, nombre, genero, edad, frase, url_imagen, raza_id)
  VALUES (4,'Toto','Macho',4,'Por favor, solo 5 minutos más...','https://live.staticflickr.com/7247/7766485618_6a0081dbd6_b.jpg',9);
INSERT INTO perfil (id, nombre, genero, edad, frase, url_imagen, raza_id)
  VALUES (5,'Hamlet','Macho',2,'Estar al aire libre es uno de los mayores privilegios de un can','https://p0.pikrepo.com/preview/532/338/black-long-coat-small-dog-on-green-grass-field-during-daytime.jpg',8);
INSERT INTO perfil (id, nombre, genero, edad, frase, url_imagen, raza_id)
  VALUES (6,'Raimundo','Macho',3,'Hola, ¿te gusta lo que ves?','https://p0.pikrepo.com/preview/81/631/closeup-photo-of-tan-and-white-dog-on-bedspread.jpg',19);
INSERT INTO perfil (id, nombre, genero, edad, frase, url_imagen, raza_id)
  VALUES (7,'Ronald','Macho',5,'Mi muchacho y yo estamos en busca de alguien que complete nuestra familia','https://perros365.com/wp-content/uploads/2014/01/shiba01opti.jpg',18);
INSERT INTO perfil (id, nombre, genero, edad, frase, url_imagen, raza_id)
  VALUES (8,'Princess','Hembra',4,'¿Piensas que puedes controlarme? Vamos, inténtalo','https://www.animalfiel.com/wp-content/uploads/2020/09/tipos-de-chow-chow.jpg',16);
INSERT INTO perfil (id, nombre, genero, edad, frase, url_imagen, raza_id)
  VALUES (9,'Alexa','Hembra',7,'La vida se pasa mejor en compañía','https://www.mundoperro.net/wp-content/uploads/San-Bernardo-hembra.jpg',1);
INSERT INTO perfil (id, nombre, genero, edad, frase, url_imagen, raza_id)
  VALUES (10,'Lucy','Hembra',3,'No hay nada mejor que pasar el día bajo el sol','https://vidcdn.123rf.com/450nwm/jamesbenet123/jamesbenet1231401/jamesbenet123140100575.jpg',13);
INSERT INTO perfil (id, nombre, genero, edad, frase, url_imagen, raza_id)
  VALUES (11,'Mika','Hembra',2,'¿Que pashó, vecino?','https://www.dogalize.com/wp-content/uploads/2017/03/cane-meticcio.jpg',1);
INSERT INTO perfil (id, nombre, genero, edad, frase, url_imagen, raza_id)
  VALUES (12,'Talibán','Macho',5,'Vamos a correr temprano','https://animalmascota.com/wp-content/2013/10/Cuidados-para-los-perros-en-el-campo.jpg',19);
INSERT INTO perfil (id, nombre, genero, edad, frase, url_imagen, raza_id)
  VALUES (13,'Atka','Hembra',5,'Todos me dicen que soy diferente, pero no les hago caso','https://static.wikia.nocookie.net/reinoanimalia/images/8/88/Zorro_rojo_4.png/revision/latest/top-crop/width/360/height/450?cb=20130514223627&path-prefix=es',19);
INSERT INTO perfil (id, nombre, genero, edad, frase, url_imagen, raza_id)
  VALUES (14,'Zuky','Hembra',3,'¡¡Vamos, tira la pelota!!','https://petplan.es/wp-content/uploads/2018/11/Border-Collie-1.jpg',15);
INSERT INTO perfil (id, nombre, genero, edad, frase, url_imagen, raza_id)
  VALUES (15,'Conan','Macho',3,'Una buena comida y una tarde de siesta le alegran la vida a cualquiera','https://web.whatsapp.com/ecf06ddc-30a6-41ff-a8f2-667539c73546',19);
INSERT INTO perfil (id, nombre, genero, edad, frase, url_imagen, raza_id)
  VALUES (16,'Loba','Hembra',3,'Cuidadito, aquí la que manda soy yo','https://www.hola.com/imagenes/estar-bien/20180823128631/cosas-que-quizas-no-sabias-de-tu-pastor-aleman-cs/0-593-146/cosassobrepastoraleman-t.jpg?filter=w600&filter=ds75',3);
INSERT INTO perfil (id, nombre, genero, edad, frase, url_imagen, raza_id)
  VALUES (17,'Bodoque','Macho',4,'¿Durmamos un ratito más?','https://i.pinimg.com/originals/cf/63/1c/cf631c90e1f2d1e3e8de405bc0a6f415.jpg',9);
INSERT INTO perfil (id, nombre, genero, edad, frase, url_imagen, raza_id)
  VALUES (18,'Xico','Macho',4,'Si te sobra una cosita, dámela a mí','https://www.xlsemanal.com/wp-content/uploads/sites/3/2019/05/galgo-perro-caza-abandono-1-1024x556.jpg',10);
INSERT INTO perfil (id, nombre, genero, edad, frase, url_imagen, raza_id)
  VALUES (19,'Pascuala','Hembra',8,'Y tú, ¿cuántos humanos esclavos tienes?','https://www.davolvoreta.com/foto/schnauzer/mediano/negro/jira/1200x1400/jira-034.jpg',21);
INSERT INTO perfil (id, nombre, genero, edad, frase, url_imagen, raza_id)
  VALUES (20,'Chispita','Hembra',3,'¿Dónde, dónde hay un gato?','https://demascotas.info/wp-content/uploads/2018/02/dog-1098749_1280-1024x681.jpg',22);
INSERT INTO perfil (id, nombre, genero, edad, frase, url_imagen, raza_id)
  VALUES (21,'Puchini','Macho',3,'Me gusta cazar y dormir','https://www.barkyn.com/learning-press/wp-content/uploads/2018/12/meio-border-collie-1.jpg',15);
INSERT INTO perfil (id, nombre, genero, edad, frase, url_imagen, raza_id)
  VALUES (22,'Canela','Hembra',7,'Caminar, comer, vivir, ¡vida de perros!','https://vivirenelpoblado.com/wp-content/uploads/chau-chau-mascotas-06.jpg',16);
INSERT INTO perfil (id, nombre, genero, edad, frase, url_imagen, raza_id)
  VALUES (23,'Capitán','Macho',4,'Conocer nuevos lugares y viajar por el mundo perruno','https://mascotaguia.com/wp-content/uploads/Fox-terrier-de-pelo-liso-1.jpg',6);
INSERT INTO perfil (id, nombre, genero, edad, frase, url_imagen, raza_id)
  VALUES (24,'Choni','Hembra',8,'Humanos y perros me aman, rompo esquemas','https://img.freepik.com/foto-gratis/perra-hermosa-dogo-frances-que-lleva-tocado-rojo-sombrero-plumas-negras-fondo-blanco_109656-478.jpg?size=338&ext=jpg',9);
INSERT INTO perfil (id, nombre, genero, edad, frase, url_imagen, raza_id)
  VALUES (25,'Lucas','Macho',4,'Me gusta bailar, cantar y ladrar sin parar. ¡Que el ritmo no muera!','https://www.hola.com/imagenes/estar-bien/20201005176621/perro-husky-raza-perro-lobo/0-874-110/husky-1-a.jpg',6);

INSERT INTO perfil_has_caracteristica (perfil_id, caracteristica_id) VALUES (1,2);
INSERT INTO perfil_has_caracteristica (perfil_id, caracteristica_id) VALUES (1,5);
INSERT INTO perfil_has_caracteristica (perfil_id, caracteristica_id) VALUES (1,23);
INSERT INTO perfil_has_caracteristica (perfil_id, caracteristica_id) VALUES (1,28);
INSERT INTO perfil_has_caracteristica (perfil_id, caracteristica_id) VALUES (1,36);
INSERT INTO perfil_has_caracteristica (perfil_id, caracteristica_id) VALUES (1,49);
INSERT INTO perfil_has_caracteristica (perfil_id, caracteristica_id) VALUES (2,7);
INSERT INTO perfil_has_caracteristica (perfil_id, caracteristica_id) VALUES (2,10);
INSERT INTO perfil_has_caracteristica (perfil_id, caracteristica_id) VALUES (2,13);
INSERT INTO perfil_has_caracteristica (perfil_id, caracteristica_id) VALUES (2,31);
INSERT INTO perfil_has_caracteristica (perfil_id, caracteristica_id) VALUES (3,3);
INSERT INTO perfil_has_caracteristica (perfil_id, caracteristica_id) VALUES (3,9);
INSERT INTO perfil_has_caracteristica (perfil_id, caracteristica_id) VALUES (3,17);
INSERT INTO perfil_has_caracteristica (perfil_id, caracteristica_id) VALUES (3,41);
INSERT INTO perfil_has_caracteristica (perfil_id, caracteristica_id) VALUES (4,6);
INSERT INTO perfil_has_caracteristica (perfil_id, caracteristica_id) VALUES (4,7);
INSERT INTO perfil_has_caracteristica (perfil_id, caracteristica_id) VALUES (4,16);
INSERT INTO perfil_has_caracteristica (perfil_id, caracteristica_id) VALUES (4,43);
INSERT INTO perfil_has_caracteristica (perfil_id, caracteristica_id) VALUES (5,19);
INSERT INTO perfil_has_caracteristica (perfil_id, caracteristica_id) VALUES (5,21);
INSERT INTO perfil_has_caracteristica (perfil_id, caracteristica_id) VALUES (5,30);
INSERT INTO perfil_has_caracteristica (perfil_id, caracteristica_id) VALUES (5,44);
INSERT INTO perfil_has_caracteristica (perfil_id, caracteristica_id) VALUES (5,50);
INSERT INTO perfil_has_caracteristica (perfil_id, caracteristica_id) VALUES (6,11);
INSERT INTO perfil_has_caracteristica (perfil_id, caracteristica_id) VALUES (6,16);
INSERT INTO perfil_has_caracteristica (perfil_id, caracteristica_id) VALUES (6,23);
INSERT INTO perfil_has_caracteristica (perfil_id, caracteristica_id) VALUES (6,27);
INSERT INTO perfil_has_caracteristica (perfil_id, caracteristica_id) VALUES (6,30);
INSERT INTO perfil_has_caracteristica (perfil_id, caracteristica_id) VALUES (6,44);
INSERT INTO perfil_has_caracteristica (perfil_id, caracteristica_id) VALUES (7,2);
INSERT INTO perfil_has_caracteristica (perfil_id, caracteristica_id) VALUES (7,5);
INSERT INTO perfil_has_caracteristica (perfil_id, caracteristica_id) VALUES (7,21);
INSERT INTO perfil_has_caracteristica (perfil_id, caracteristica_id) VALUES (7,30);
INSERT INTO perfil_has_caracteristica (perfil_id, caracteristica_id) VALUES (7,31);
INSERT INTO perfil_has_caracteristica (perfil_id, caracteristica_id) VALUES (8,8);
INSERT INTO perfil_has_caracteristica (perfil_id, caracteristica_id) VALUES (8,11);
INSERT INTO perfil_has_caracteristica (perfil_id, caracteristica_id) VALUES (8,20);
INSERT INTO perfil_has_caracteristica (perfil_id, caracteristica_id) VALUES (8,34);
INSERT INTO perfil_has_caracteristica (perfil_id, caracteristica_id) VALUES (8,47);
INSERT INTO perfil_has_caracteristica (perfil_id, caracteristica_id) VALUES (9,5);
INSERT INTO perfil_has_caracteristica (perfil_id, caracteristica_id) VALUES (9,17);
INSERT INTO perfil_has_caracteristica (perfil_id, caracteristica_id) VALUES (9,19);
INSERT INTO perfil_has_caracteristica (perfil_id, caracteristica_id) VALUES (9,21);
INSERT INTO perfil_has_caracteristica (perfil_id, caracteristica_id) VALUES (9,35);
INSERT INTO perfil_has_caracteristica (perfil_id, caracteristica_id) VALUES (10,5);
INSERT INTO perfil_has_caracteristica (perfil_id, caracteristica_id) VALUES (10,11);
INSERT INTO perfil_has_caracteristica (perfil_id, caracteristica_id) VALUES (10,17);
INSERT INTO perfil_has_caracteristica (perfil_id, caracteristica_id) VALUES (10,28);
INSERT INTO perfil_has_caracteristica (perfil_id, caracteristica_id) VALUES (10,50);
INSERT INTO perfil_has_caracteristica (perfil_id, caracteristica_id) VALUES (11,3);
INSERT INTO perfil_has_caracteristica (perfil_id, caracteristica_id) VALUES (11,5);
INSERT INTO perfil_has_caracteristica (perfil_id, caracteristica_id) VALUES (11,8);
INSERT INTO perfil_has_caracteristica (perfil_id, caracteristica_id) VALUES (11,17);
INSERT INTO perfil_has_caracteristica (perfil_id, caracteristica_id) VALUES (11,30);
INSERT INTO perfil_has_caracteristica (perfil_id, caracteristica_id) VALUES (11,34);
INSERT INTO perfil_has_caracteristica (perfil_id, caracteristica_id) VALUES (12,21);
INSERT INTO perfil_has_caracteristica (perfil_id, caracteristica_id) VALUES (12,31);
INSERT INTO perfil_has_caracteristica (perfil_id, caracteristica_id) VALUES (12,36);
INSERT INTO perfil_has_caracteristica (perfil_id, caracteristica_id) VALUES (12,41);
INSERT INTO perfil_has_caracteristica (perfil_id, caracteristica_id) VALUES (12,50);
INSERT INTO perfil_has_caracteristica (perfil_id, caracteristica_id) VALUES (13,1);
INSERT INTO perfil_has_caracteristica (perfil_id, caracteristica_id) VALUES (13,3);
INSERT INTO perfil_has_caracteristica (perfil_id, caracteristica_id) VALUES (13,13);
INSERT INTO perfil_has_caracteristica (perfil_id, caracteristica_id) VALUES (13,35);
INSERT INTO perfil_has_caracteristica (perfil_id, caracteristica_id) VALUES (13,48);
INSERT INTO perfil_has_caracteristica (perfil_id, caracteristica_id) VALUES (13,50);
INSERT INTO perfil_has_caracteristica (perfil_id, caracteristica_id) VALUES (14,3);
INSERT INTO perfil_has_caracteristica (perfil_id, caracteristica_id) VALUES (14,17);
INSERT INTO perfil_has_caracteristica (perfil_id, caracteristica_id) VALUES (14,18);
INSERT INTO perfil_has_caracteristica (perfil_id, caracteristica_id) VALUES (14,21);
INSERT INTO perfil_has_caracteristica (perfil_id, caracteristica_id) VALUES (15,1);
INSERT INTO perfil_has_caracteristica (perfil_id, caracteristica_id) VALUES (15,6);
INSERT INTO perfil_has_caracteristica (perfil_id, caracteristica_id) VALUES (15,20);
INSERT INTO perfil_has_caracteristica (perfil_id, caracteristica_id) VALUES (15,43);
INSERT INTO perfil_has_caracteristica (perfil_id, caracteristica_id) VALUES (15,52);
INSERT INTO perfil_has_caracteristica (perfil_id, caracteristica_id) VALUES (16,3);
INSERT INTO perfil_has_caracteristica (perfil_id, caracteristica_id) VALUES (16,35);
INSERT INTO perfil_has_caracteristica (perfil_id, caracteristica_id) VALUES (16,46);
INSERT INTO perfil_has_caracteristica (perfil_id, caracteristica_id) VALUES (16,50);
INSERT INTO perfil_has_caracteristica (perfil_id, caracteristica_id) VALUES (17,6);
INSERT INTO perfil_has_caracteristica (perfil_id, caracteristica_id) VALUES (17,7);
INSERT INTO perfil_has_caracteristica (perfil_id, caracteristica_id) VALUES (17,10);
INSERT INTO perfil_has_caracteristica (perfil_id, caracteristica_id) VALUES (17,16);
INSERT INTO perfil_has_caracteristica (perfil_id, caracteristica_id) VALUES (17,21);
INSERT INTO perfil_has_caracteristica (perfil_id, caracteristica_id) VALUES (18,2);
INSERT INTO perfil_has_caracteristica (perfil_id, caracteristica_id) VALUES (18,3);
INSERT INTO perfil_has_caracteristica (perfil_id, caracteristica_id) VALUES (18,17);
INSERT INTO perfil_has_caracteristica (perfil_id, caracteristica_id) VALUES (18,43);
INSERT INTO perfil_has_caracteristica (perfil_id, caracteristica_id) VALUES (18,50);
INSERT INTO perfil_has_caracteristica (perfil_id, caracteristica_id) VALUES (19,4);
INSERT INTO perfil_has_caracteristica (perfil_id, caracteristica_id) VALUES (19,8);
INSERT INTO perfil_has_caracteristica (perfil_id, caracteristica_id) VALUES (19,15);
INSERT INTO perfil_has_caracteristica (perfil_id, caracteristica_id) VALUES (19,20);
INSERT INTO perfil_has_caracteristica (perfil_id, caracteristica_id) VALUES (19,51);
INSERT INTO perfil_has_caracteristica (perfil_id, caracteristica_id) VALUES (20,2);
INSERT INTO perfil_has_caracteristica (perfil_id, caracteristica_id) VALUES (20,3);
INSERT INTO perfil_has_caracteristica (perfil_id, caracteristica_id) VALUES (20,17);
INSERT INTO perfil_has_caracteristica (perfil_id, caracteristica_id) VALUES (20,18);
INSERT INTO perfil_has_caracteristica (perfil_id, caracteristica_id) VALUES (20,36);
INSERT INTO perfil_has_caracteristica (perfil_id, caracteristica_id) VALUES (21,6);
INSERT INTO perfil_has_caracteristica (perfil_id, caracteristica_id) VALUES (21,10);
INSERT INTO perfil_has_caracteristica (perfil_id, caracteristica_id) VALUES (21,12);
INSERT INTO perfil_has_caracteristica (perfil_id, caracteristica_id) VALUES (21,18);
INSERT INTO perfil_has_caracteristica (perfil_id, caracteristica_id) VALUES (21,50);
INSERT INTO perfil_has_caracteristica (perfil_id, caracteristica_id) VALUES (22,2);
INSERT INTO perfil_has_caracteristica (perfil_id, caracteristica_id) VALUES (22,5);
INSERT INTO perfil_has_caracteristica (perfil_id, caracteristica_id) VALUES (22,44);
INSERT INTO perfil_has_caracteristica (perfil_id, caracteristica_id) VALUES (22,45);
INSERT INTO perfil_has_caracteristica (perfil_id, caracteristica_id) VALUES (22,48);
INSERT INTO perfil_has_caracteristica (perfil_id, caracteristica_id) VALUES (23,4);
INSERT INTO perfil_has_caracteristica (perfil_id, caracteristica_id) VALUES (23,8);
INSERT INTO perfil_has_caracteristica (perfil_id, caracteristica_id) VALUES (23,13);
INSERT INTO perfil_has_caracteristica (perfil_id, caracteristica_id) VALUES (23,19);
INSERT INTO perfil_has_caracteristica (perfil_id, caracteristica_id) VALUES (23,28);
INSERT INTO perfil_has_caracteristica (perfil_id, caracteristica_id) VALUES (24,8);
INSERT INTO perfil_has_caracteristica (perfil_id, caracteristica_id) VALUES (24,11);
INSERT INTO perfil_has_caracteristica (perfil_id, caracteristica_id) VALUES (24,25);
INSERT INTO perfil_has_caracteristica (perfil_id, caracteristica_id) VALUES (24,27);
INSERT INTO perfil_has_caracteristica (perfil_id, caracteristica_id) VALUES (24,51);
INSERT INTO perfil_has_caracteristica (perfil_id, caracteristica_id) VALUES (25,40);
INSERT INTO perfil_has_caracteristica (perfil_id, caracteristica_id) VALUES (25,41);
INSERT INTO perfil_has_caracteristica (perfil_id, caracteristica_id) VALUES (25,44);
INSERT INTO perfil_has_caracteristica (perfil_id, caracteristica_id) VALUES (25,49);
INSERT INTO perfil_has_caracteristica (perfil_id, caracteristica_id) VALUES (25,52);
